{"indexes":[{"v":{"$numberInt":"2"},"key":{"_id":{"$numberInt":"1"}},"name":"_id_"},{"v":{"$numberInt":"2"},"key":{"trainingId":{"$numberInt":"1"},"levelNumber":{"$numberInt":"1"}},"name":"trainingId_1_levelNumber_1","background":true,"unique":true},{"v":{"$numberInt":"2"},"key":{"trainingId":{"$numberInt":"1"},"title":{"$numberInt":"1"}},"name":"trainingId_1_title_1","background":true,"unique":true,"sparse":true},{"v":{"$numberInt":"2"},"key":{"isActive":{"$numberInt":"1"}},"name":"isActive_1","background":true}],"uuid":"5e2e97d4f4804635bdf99535411d1e4a","collectionName":"levels","type":"collection"}