{"indexes":[{"v":{"$numberInt":"2"},"key":{"_id":{"$numberInt":"1"}},"name":"_id_"},{"v":{"$numberInt":"2"},"key":{"sender":{"$numberInt":"1"},"folder":{"$numberInt":"1"}},"name":"sender_1_folder_1","background":true},{"v":{"$numberInt":"2"},"key":{"recipient":{"$numberInt":"1"},"folder":{"$numberInt":"1"}},"name":"recipient_1_folder_1","background":true},{"v":{"$numberInt":"2"},"key":{"trainingId":{"$numberInt":"1"}},"name":"trainingId_1","background":true},{"v":{"$numberInt":"2"},"key":{"createdAt":{"$numberInt":"-1"}},"name":"createdAt_-1","background":true}],"uuid":"53b6884f3c8c47c4956df3b0dee77351","collectionName":"privatemessages","type":"collection"}