{"indexes":[{"v":{"$numberInt":"2"},"key":{"_id":{"$numberInt":"1"}},"name":"_id_"},{"v":{"$numberInt":"2"},"key":{"documentNumber":{"$numberInt":"1"}},"name":"documentNumber_1","background":true,"unique":true,"sparse":true},{"v":{"$numberInt":"2"},"key":{"email":{"$numberInt":"1"}},"name":"email_1","background":true,"unique":true},{"v":{"$numberInt":"2"},"key":{"institutionalID":{"$numberInt":"1"}},"name":"institutionalID_1","background":true,"unique":true,"sparse":true}],"uuid":"3b13a410af5f4b62807de6eb6965d1ff","collectionName":"users","type":"collection"}