{"indexes":[{"v":{"$numberInt":"2"},"key":{"_id":{"$numberInt":"1"}},"name":"_id_"},{"v":{"$numberInt":"2"},"key":{"userId":{"$numberInt":"1"},"levelId":{"$numberInt":"1"}},"name":"userId_1_levelId_1","background":true},{"v":{"$numberInt":"2"},"key":{"userId":{"$numberInt":"1"},"trainingId":{"$numberInt":"1"}},"name":"userId_1_trainingId_1","background":true},{"v":{"$numberInt":"2"},"key":{"userId":{"$numberInt":"1"},"levelId":{"$numberInt":"1"},"percentage":{"$numberInt":"-1"}},"name":"userId_1_levelId_1_percentage_-1","background":true}],"uuid":"abfbd8878322464cbdaf4f4df972eabc","collectionName":"userlevelprogresses","type":"collection"}